<?xml version="1.0" ?>

<container xmlns="http://symfony.com/schema/dic/services"
           xmlns:xsi="http://www.w3.org/2001/XMLSchema-instance"
           xsi:schemaLocation="http://symfony.com/schema/dic/services http://symfony.com/schema/dic/services/services-1.0.xsd">

    <parameters>
        <parameter key="eko_feed.formatter.rss.class">Eko\FeedBundle\Formatter\RssFormatter</parameter>
        <parameter key="eko_feed.formatter.atom.class">Eko\FeedBundle\Formatter\AtomFormatter</parameter>
    </parameters>

    <services>
        <service id="eko_feed.formatter.rss" class="%eko_feed.formatter.rss.class%">
            <tag name="eko_feed.formatter" format="rss"></tag>

            <argument type="service" id="translator" />
            <argument>%eko_feed.translation_domain%</argument>
        </service>

        <service id="eko_feed.formatter.atom" class="%eko_feed.formatter.atom.class%">
            <tag name="eko_feed.formatter" format="atom"></tag>

            <argument type="service" id="translator" />
            <argument>%eko_feed.translation_domain%</argument>
        </service>
    </services>

</container>
