<?xml version="1.0" ?>

<container xmlns="http://symfony.com/schema/dic/services"
           xmlns:xsi="http://www.w3.org/2001/XMLSchema-instance"
           xsi:schemaLocation="http://symfony.com/schema/dic/services http://symfony.com/schema/dic/services/services-1.0.xsd">

    <services>
        <service id="sonata.core.twig.extension.wrapping" class="Sonata\CoreBundle\Twig\Extension\FormTypeExtension">
            <tag name="twig.extension"/>
            <argument>%sonata.core.form_type%</argument>
        </service>
        <service id="sonata.core.twig.extension.text" class="Twig_Extensions_Extension_Text">
            <tag name="twig.extension"/>
        </service>

        <service id="sonata.core.twig.status_extension" class="Sonata\CoreBundle\Twig\Extension\StatusExtension">
            <tag name="twig.extension" />
        </service>

        <service id="sonata.core.twig.template_extension" class="Sonata\CoreBundle\Twig\Extension\TemplateExtension">
            <tag name="twig.extension" />

            <argument>%kernel.debug%</argument>
            <argument type="service" id="translator" />
            <argument type="service" id="sonata.core.model.adapter.chain" />
        </service>
    </services>
</container>
