<doctrine-mapping
    xmlns="http://doctrine-project.org/schemas/phpcr-odm/phpcr-mapping"
    xmlns:xsi="http://www.w3.org/2001/XMLSchema-instance"
    xsi:schemaLocation="http://doctrine-project.org/schemas/phpcr-odm/phpcr-mapping
    https://github.com/doctrine/phpcr-odm/raw/master/doctrine-phpcr-odm-mapping.xsd"
    >

    <mapped-superclass name="Sonata\MediaBundle\PHPCR\BaseMedia" referenceable="true" >

        <uuid name="uuid" />

        <field name="name"               type="string" />
        <field name="description"        type="string" nullable="true"/>
        <field name="enabled"            type="boolean" />

        <field name="providerName"       type="string" />
        <field name="providerStatus"     type="long" />
        <field name="providerReference"  type="string" />
        <field name="providerMetadata"   type="string" multivalue="true" />

        <field name="width"              type="long" />
        <field name="height"             type="long" />
        <field name="length"             type="double" nullable="true" />
        <field name="contentType"        type="string" />
        <field name="size"               type="long" />

        <field name="copyright"          type="string" nullable="true" />
        <field name="authorName"         type="string" nullable="true" />
        <field name="context"            type="string" />

        <field name="cdnIsFlushable"     type="boolean" nullable="true" />
        <field name="cdnFlushAt"         type="date" nullable="true" />
        <field name="cdnStatus"          type="long" nullable="true" />

        <field name="updatedAt"          type="date" />
        <field name="createdAt"          type="date" />

        <lifecycle-callbacks>
            <lifecycle-callback type="prePersist" method="prePersist" />
            <lifecycle-callback type="preUpdate" method="preUpdate" />
        </lifecycle-callbacks>

    </mapped-superclass>

</doctrine-mapping>
