<?xml version="1.0" encoding="utf-8"?>
<doctrine-mongo-mapping xmlns="http://doctrine-project.org/schemas/odm/doctrine-mongo-mapping"
                        xmlns:xsi="http://www.w3.org/2001/XMLSchema-instance"
                        xsi:schemaLocation="http://doctrine-project.org/schemas/odm/doctrine-mongo-mapping
                        http://doctrine-project.org/schemas/odm/doctrine-mongo-mapping.xsd">

    <mapped-superclass name="Sonata\MediaBundle\Document\BaseGallery">

        <field name="name"          fieldName="name"            type="string"/>
        <field name="context"       fieldName="context"         type="string"/>
        <field name="defaultFormat" fieldName="defaultFormat"   type="string" />
        <field name="enabled"       fieldName="enabled"         type="boolean" />

        <field name="updatedAt"     fieldName="updatedAt"       type="date" />
        <field name="createdAt"     fieldName="createdAt"       type="date" />

        <lifecycle-callbacks>
            <lifecycle-callback type="prePersist" method="prePersist"/>
            <lifecycle-callback type="preUpdate" method="preUpdate"/>
        </lifecycle-callbacks>

    </mapped-superclass>
</doctrine-mongo-mapping>
