<?xml version="1.0" encoding="UTF-8" ?>
<container xmlns="http://symfony.com/schema/dic/services"
           xmlns:xsi="http://www.w3.org/2001/XMLSchema-instance"
           xsi:schemaLocation="http://symfony.com/schema/dic/services http://symfony.com/schema/dic/services/services-1.0.xsd">

    <parameters>
        <parameter key="sonata.media.block.media.class">Sonata\MediaBundle\Block\MediaBlockService</parameter>
        <parameter key="sonata.media.block.feature_media.class">Sonata\MediaBundle\Block\FeatureMediaBlockService</parameter>
        <parameter key="sonata.media.block.gallery.class">Sonata\MediaBundle\Block\GalleryBlockService</parameter>
    </parameters>

    <services>
        <service id="sonata.media.block.media" class="%sonata.media.block.media.class%">
            <tag name="sonata.block" />
            <argument>sonata.media.block.media</argument>
            <argument type="service" id="templating" />
            <argument type="service" id="service_container" />
            <argument type="service" id="sonata.media.manager.media" />
        </service>

        <service id="sonata.media.block.feature_media" class="%sonata.media.block.feature_media.class%">
            <tag name="sonata.block" />
            <argument>sonata.media.block.feature_media</argument>
            <argument type="service" id="templating" />
            <argument type="service" id="service_container" />
            <argument type="service" id="sonata.media.manager.media" />
        </service>

        <service id="sonata.media.block.gallery" class="%sonata.media.block.gallery.class%">
            <tag name="sonata.block" />
            <argument>sonata.media.block.gallery</argument>
            <argument type="service" id="templating" />
            <argument type="service" id="service_container" />
            <argument type="service" id="sonata.media.manager.gallery" />
        </service>
    </services>
</container>
