<?xml version="1.0" encoding="UTF-8" ?>

<container xmlns="http://symfony.com/schema/dic/services"
    xmlns:xsi="http://www.w3.org/2001/XMLSchema-instance"
    xsi:schemaLocation="http://symfony.com/schema/dic/services http://symfony.com/schema/dic/services/services-1.0.xsd">

    <parameters>
        <parameter key="sonata.media.manager.media.class">Sonata\MediaBundle\PHPCR\MediaManager</parameter>
        <parameter key="sonata.media.manager.gallery.class">Sonata\MediaBundle\PHPCR\GalleryManager</parameter>
    </parameters>

    <services>
        <service id="sonata.media.manager.media" class="%sonata.media.manager.media.class%">
            <argument>%sonata.media.media.class%</argument>
            <argument type="service" id="doctrine_phpcr" />
        </service>

        <service id="sonata.media.manager.gallery" class="%sonata.media.manager.gallery.class%">
            <argument>%sonata.media.gallery.class%</argument>
            <argument type="service" id="doctrine_phpcr" />
        </service>

        <!-- Path generator servive -->
        <service id="sonata.media.generator.default" class="Sonata\MediaBundle\Generator\PHPCRGenerator" />

        <service id="sonata.media.doctrine.event_subscriber" class="Sonata\MediaBundle\Listener\PHPCR\MediaEventSubscriber">
            <tag name="doctrine_phpcr.event_subscriber" />

            <argument type="service" id="service_container" />
        </service>
    </services>

</container>
