<?xml version="1.0" ?>

<container xmlns="http://symfony.com/schema/dic/services"
           xmlns:xsi="http://www.w3.org/2001/XMLSchema-instance"
           xsi:schemaLocation="http://symfony.com/schema/dic/services http://symfony.com/schema/dic/services/services-1.0.xsd">

    <services>

        <service id="sonata.media.serializer.handler.media" class="Sonata\MediaBundle\Serializer\MediaSerializerHandler">
            <tag name="jms_serializer.subscribing_handler" />
            <argument type="service" id="sonata.media.manager.media" />
        </service>

        <service id="sonata.media.serializer.handler.gallery" class="Sonata\MediaBundle\Serializer\GallerySerializerHandler">
            <tag name="jms_serializer.subscribing_handler" />
            <argument type="service" id="sonata.media.manager.gallery" />
        </service>

    </services>

</container>
