<?xml version="1.0" ?>

<container xmlns="http://symfony.com/schema/dic/services"
    xmlns:xsi="http://www.w3.org/2001/XMLSchema-instance"
    xsi:schemaLocation="http://symfony.com/schema/dic/services http://symfony.com/schema/dic/services/services-1.0.xsd">

    <services>
        <service id="sonata.media.twig.extension" class="Sonata\MediaBundle\Twig\Extension\MediaExtension">
            <tag name="twig.extension" />

            <argument type="service" id="sonata.media.pool" />
            <argument type="service" id="sonata.media.manager.media"/>
        </service>

        <service id="sonata.media.twig.global" class="Sonata\MediaBundle\Twig\GlobalVariables" >
            <argument type="service" id="service_container" />
        </service>
    </services>
</container>
