<?xml version="1.0" encoding="UTF-8" ?>

<routes xmlns="http://symfony.com/schema/routing"
    xmlns:xsi="http://www.w3.org/2001/XMLSchema-instance"
    xsi:schemaLocation="http://symfony.com/schema/routing http://symfony.com/schema/routing/routing-1.0.xsd">

    <route id="sonata_media_gallery_index" pattern="/">
        <default key="_controller">SonataMediaBundle:Gallery:index</default>
    </route>

    <route id="sonata_media_gallery_view" pattern="/view/{id}">
        <default key="_controller">SonataMediaBundle:Gallery:view</default>
        <requirement key="id">.*</requirement>
    </route>

</routes>
